{"coco/bbox_mAP": 0.704, "coco/bbox_mAP_50": 0.804, "coco/bbox_mAP_75": 0.795, "coco/bbox_mAP_s": 0.7, "coco/bbox_mAP_m": 0.87, "coco/bbox_mAP_l": -1.0, "data_time": 0.21742762052095854, "time": 0.23008060455322266}