{"accuracy/top1": 92.44060516357422, "accuracy/top5": 99.35205078125, "data_time": 0.1376916468143463, "time": 0.185869038105011}