{"accuracy/top1": 82.5882339477539, "accuracy/top5": 97.17646789550781, "data_time": 0.16478415897914342, "time": 0.20973195348467147, "step": 1}
{"accuracy/top1": 88.47058868408203, "accuracy/top5": 98.82353210449219, "data_time": 0.035123038291931155, "time": 0.07938530445098876, "step": 2}
{"accuracy/top1": 91.05882263183594, "accuracy/top5": 99.52941131591797, "data_time": 0.01418609619140625, "time": 0.05913381576538086, "step": 3}
{"accuracy/top1": 91.52941131591797, "accuracy/top5": 99.29412078857422, "data_time": 0.014027094841003418, "time": 0.05861365795135498, "step": 4}
{"accuracy/top1": 91.76470947265625, "accuracy/top5": 99.52941131591797, "data_time": 0.01385958194732666, "time": 0.0587432861328125, "step": 5}
{"accuracy/top1": 92.70587921142578, "accuracy/top5": 99.52941131591797, "data_time": 0.014497971534729004, "time": 0.0612452507019043, "step": 6}
{"accuracy/top1": 95.05882263183594, "accuracy/top5": 99.52941131591797, "data_time": 0.014151287078857423, "time": 0.059315824508666994, "step": 7}
{"accuracy/top1": 93.64705657958984, "accuracy/top5": 99.29412078857422, "data_time": 0.01419527530670166, "time": 0.059000468254089354, "step": 8}
{"accuracy/top1": 92.47058868408203, "accuracy/top5": 99.52941131591797, "data_time": 0.014235091209411622, "time": 0.058996391296386716, "step": 9}
{"accuracy/top1": 93.17646789550781, "accuracy/top5": 99.76470947265625, "data_time": 0.014173674583435058, "time": 0.05932540893554687, "step": 10}
